LABEL,COUNT
1.1.1.1,700
1.1.1.10,26
1.1.1.100,700
1.1.1.102,28
1.1.1.103,700
1.1.1.105,19
1.1.1.107,37
1.1.1.108,700
1.1.1.11,151
1.1.1.119,16
1.1.1.12,19
1.1.1.122,18
1.1.1.127,700
1.1.1.130,423
1.1.1.132,700
1.1.1.133,700
1.1.1.136,227
1.1.1.138,21
1.1.1.14,700
1.1.1.140,553
1.1.1.141,7
1.1.1.145,34
1.1.1.146,14
1.1.1.153,8
1.1.1.156,14
1.1.1.157,700
1.1.1.159,133
1.1.1.16,105
1.1.1.163,18
1.1.1.169,700
1.1.1.17,700
1.1.1.170,15
1.1.1.173,22
1.1.1.175,28
1.1.1.179,127
1.1.1.18,700
1.1.1.184,39
1.1.1.189,9
1.1.1.192,43
1.1.1.193,700
1.1.1.194,119
1.1.1.195,104
1.1.1.2,700
1.1.1.200,11
1.1.1.202,104
1.1.1.203,111
1.1.1.205,700
1.1.1.206,13
1.1.1.209,10
1.1.1.21,18
1.1.1.215,218
1.1.1.216,31
1.1.1.218,37
1.1.1.219,82
1.1.1.22,700
1.1.1.223,21
1.1.1.23,700
1.1.1.234,10
1.1.1.237,144
1.1.1.239,11
1.1.1.24,10
1.1.1.244,19
1.1.1.247,7
1.1.1.248,9
1.1.1.25,700
1.1.1.250,8
1.1.1.251,260
1.1.1.255,75
1.1.1.26,207
1.1.1.261,700
1.1.1.262,700
1.1.1.264,72
1.1.1.267,700
1.1.1.27,700
1.1.1.270,22
1.1.1.271,700
1.1.1.274,155
1.1.1.276,28
1.1.1.28,700
1.1.1.281,28
1.1.1.282,218
1.1.1.284,154
1.1.1.288,9
1.1.1.29,215
1.1.1.290,700
1.1.1.291,10
1.1.1.292,43
1.1.1.294,15
1.1.1.298,360
1.1.1.299,24
1.1.1.3,700
1.1.1.30,700
1.1.1.300,63
1.1.1.301,36
1.1.1.302,112
1.1.1.304,414
1.1.1.305,42
1.1.1.306,652
1.1.1.307,36
1.1.1.308,457
1.1.1.31,700
1.1.1.310,57
1.1.1.312,46
1.1.1.313,131
1.1.1.316,15
1.1.1.317,15
1.1.1.320,64
1.1.1.324,16
1.1.1.330,553
1.1.1.331,32
1.1.1.333,168
1.1.1.334,15
1.1.1.335,49
1.1.1.336,700
1.1.1.337,23
1.1.1.338,36
1.1.1.34,700
1.1.1.343,516
1.1.1.346,700
1.1.1.347,7
1.1.1.348,23
1.1.1.35,305
1.1.1.350,333
1.1.1.353,13
1.1.1.356,147
1.1.1.36,700
1.1.1.362,11
1.1.1.363,700
1.1.1.365,15
1.1.1.367,24
1.1.1.368,28
1.1.1.369,177
1.1.1.37,700
1.1.1.370,11
1.1.1.371,63
1.1.1.372,15
1.1.1.373,339
1.1.1.376,134
1.1.1.38,700
1.1.1.381,424
1.1.1.382,700
1.1.1.383,34
1.1.1.384,14
1.1.1.385,26
1.1.1.387,595
1.1.1.388,156
1.1.1.39,700
1.1.1.390,32
1.1.1.391,60
1.1.1.392,46
1.1.1.399,36
1.1.1.4,195
1.1.1.40,700
1.1.1.401,55
1.1.1.402,700
1.1.1.403,37
1.1.1.405,389
1.1.1.407,12
1.1.1.408,700
1.1.1.409,26
1.1.1.41,386
1.1.1.410,47
1.1.1.411,275
1.1.1.412,10
1.1.1.413,35
1.1.1.414,121
1.1.1.42,700
1.1.1.44,700
1.1.1.45,20
1.1.1.47,683
1.1.1.48,30
1.1.1.49,700
1.1.1.50,11
1.1.1.51,402
1.1.1.52,11
1.1.1.53,336
1.1.1.54,42
1.1.1.56,126
1.1.1.57,308
1.1.1.58,700
1.1.1.6,700
1.1.1.60,700
1.1.1.61,48
1.1.1.62,36
1.1.1.65,210
1.1.1.67,134
1.1.1.69,249
1.1.1.73,34
1.1.1.76,42
1.1.1.77,700
1.1.1.79,700
1.1.1.8,700
1.1.1.80,91
1.1.1.81,625
1.1.1.82,78
1.1.1.83,700
1.1.1.85,700
1.1.1.86,700
1.1.1.87,106
1.1.1.88,526
1.1.1.9,179
1.1.1.90,74
1.1.1.93,700
1.1.1.94,700
1.1.1.95,700
1.1.1.96,78
1.1.1.n11,26
1.1.1.n12,106
1.1.1.n4,43
1.1.2.3,15
1.1.2.4,280
1.1.2.7,215
1.1.2.8,338
1.1.3.10,7
1.1.3.13,28
1.1.3.15,78
1.1.3.17,67
1.1.3.20,358
1.1.3.21,231
1.1.3.37,14
1.1.3.4,14
1.1.3.41,43
1.1.3.46,14
1.1.3.48,21
1.1.3.6,225
1.1.3.8,36
1.1.3.9,9
1.1.5.11,14
1.1.5.12,700
1.1.5.2,621
1.1.5.3,700
1.1.5.4,700
1.1.5.5,37
1.1.5.8,341
1.1.5.9,7
1.1.9.1,217
1.1.98.2,700
1.1.98.3,78
1.1.98.6,700
1.1.99.1,700
1.1.99.11,45
1.1.99.14,700
1.1.99.18,11
1.1.99.2,38
1.1.99.22,126
1.1.99.24,22
1.1.99.3,541
1.1.99.31,16
1.1.99.32,72
1.1.99.35,64
1.1.99.36,123
1.1.99.37,57
1.1.99.39,11
1.10.3.1,84
1.10.3.11,700
1.10.3.2,700
1.10.3.3,37
1.10.3.4,10
1.10.3.9,700
1.11.1.1,463
1.11.1.10,590
1.11.1.11,122
1.11.1.12,21
1.11.1.13,356
1.11.1.14,91
1.11.1.15,700
1.11.1.16,267
1.11.1.17,8
1.11.1.18,43
1.11.1.19,28
1.11.1.20,8
1.11.1.21,700
1.11.1.22,8
1.11.1.5,700
1.11.1.6,700
1.11.1.7,700
1.11.1.9,512
1.11.2.1,31
1.11.2.3,28
1.11.2.4,30
1.12.1.2,60
1.12.1.3,700
1.12.2.1,105
1.12.5.1,518
1.12.7.2,151
1.12.98.1,219
1.12.98.2,40
1.12.98.3,143
1.12.98.4,8
1.12.99.6,700
1.13.11.1,700
1.13.11.11,700
1.13.11.12,700
1.13.11.15,444
1.13.11.16,700
1.13.11.18,28
1.13.11.2,456
1.13.11.20,700
1.13.11.24,700
1.13.11.25,64
1.13.11.27,700
1.13.11.29,382
1.13.11.3,700
1.13.11.31,9
1.13.11.33,11
1.13.11.37,64
1.13.11.39,40
1.13.11.4,56
1.13.11.43,86
1.13.11.46,35
1.13.11.49,11
1.13.11.5,700
1.13.11.51,43
1.13.11.53,700
1.13.11.54,700
1.13.11.57,214
1.13.11.58,700
1.13.11.6,700
1.13.11.63,98
1.13.11.68,11
1.13.11.70,10
1.13.11.75,221
1.13.11.79,564
1.13.11.8,239
1.13.11.80,13
1.13.11.82,161
1.13.11.9,56
1.13.12.19,13
1.13.12.3,36
1.13.12.4,188
1.13.12.7,11
1.13.12.9,10
1.13.99.1,74
1.14.11.1,197
1.14.11.13,64
1.14.11.15,19
1.14.11.17,592
1.14.11.18,16
1.14.11.2,81
1.14.11.20,19
1.14.11.21,7
1.14.11.27,34
1.14.11.29,12
1.14.11.32,17
1.14.11.33,637
1.14.11.4,19
1.14.11.47,25
1.14.11.55,323
1.14.11.6,8
1.14.11.61,13
1.14.11.7,7
1.14.11.8,9
1.14.11.9,88
1.14.12.1,277
1.14.12.10,354
1.14.12.12,19
1.14.12.13,91
1.14.12.15,22
1.14.12.17,700
1.14.12.18,60
1.14.12.19,249
1.14.12.7,28
1.14.13.1,50
1.14.13.101,11
1.14.13.106,14
1.14.13.107,14
1.14.13.111,25
1.14.13.113,119
1.14.13.114,75
1.14.13.122,11
1.14.13.127,679
1.14.13.131,220
1.14.13.149,571
1.14.13.168,700
1.14.13.171,25
1.14.13.172,90
1.14.13.182,13
1.14.13.195,114
1.14.13.196,11
1.14.13.2,700
1.14.13.20,36
1.14.13.208,700
1.14.13.217,10
1.14.13.218,14
1.14.13.224,11
1.14.13.227,57
1.14.13.23,179
1.14.13.231,19
1.14.13.236,50
1.14.13.237,119
1.14.13.239,690
1.14.13.24,486
1.14.13.240,372
1.14.13.25,18
1.14.13.29,68
1.14.13.33,501
1.14.13.39,96
1.14.13.59,129
1.14.13.69,80
1.14.13.7,231
1.14.13.8,700
1.14.13.81,700
1.14.13.82,95
1.14.13.83,10
1.14.13.9,700
1.14.13.92,112
1.14.13.n7,11
1.14.14.1,182
1.14.14.10,38
1.14.14.102,7
1.14.14.103,7
1.14.14.107,18
1.14.14.11,8
1.14.14.115,13
1.14.14.12,67
1.14.14.126,19
1.14.14.130,15
1.14.14.137,47
1.14.14.14,29
1.14.14.140,14
1.14.14.147,11
1.14.14.151,10
1.14.14.152,14
1.14.14.154,141
1.14.14.156,10
1.14.14.158,7
1.14.14.16,29
1.14.14.17,86
1.14.14.18,513
1.14.14.19,21
1.14.14.26,106
1.14.14.3,39
1.14.14.32,17
1.14.14.35,174
1.14.14.39,15
1.14.14.44,8
1.14.14.47,700
1.14.14.5,700
1.14.14.52,20
1.14.14.58,7
1.14.14.73,7
1.14.14.80,29
1.14.14.81,20
1.14.14.82,46
1.14.14.83,31
1.14.14.86,15
1.14.14.87,9
1.14.14.9,501
1.14.14.91,75
1.14.15.11,19
1.14.15.13,9
1.14.15.14,29
1.14.15.21,179
1.14.15.24,33
1.14.15.28,35
1.14.15.29,179
1.14.15.3,246
1.14.15.30,232
1.14.15.33,49
1.14.15.4,17
1.14.15.6,267
1.14.15.7,11
1.14.15.8,8
1.14.15.9,13
1.14.16.1,700
1.14.16.2,42
1.14.16.4,50
1.14.16.7,36
1.14.17.3,14
1.14.17.4,80
1.14.18.1,108
1.14.18.2,9
1.14.18.3,405
1.14.18.5,18
1.14.18.7,340
1.14.18.9,49
1.14.19.1,700
1.14.19.11,20
1.14.19.17,504
1.14.19.2,557
1.14.19.20,28
1.14.19.23,10
1.14.19.29,14
1.14.19.3,27
1.14.19.35,11
1.14.19.41,10
1.14.19.42,22
1.14.19.47,9
1.14.19.5,29
1.14.19.6,38
1.14.19.69,18
1.14.19.9,9
1.14.19.n4,122
1.14.20.4,41
1.14.20.6,13
1.14.99.1,50
1.14.99.15,17
1.14.99.22,18
1.14.99.29,700
1.14.99.39,700
1.14.99.46,700
1.14.99.48,70
1.14.99.50,700
1.14.99.57,46
1.14.99.60,700
1.14.99.n4,13
1.15.1.1,700
1.15.1.2,225
1.16.1.1,700
1.16.1.7,35
1.16.1.9,175
1.16.3.1,700
1.16.3.2,700
1.17.1.3,21
1.17.1.4,322
1.17.1.5,122
1.17.1.8,700
1.17.1.9,700
1.17.2.1,232
1.17.2.3,18
1.17.4.1,700
1.17.4.2,85
1.17.5.2,109
1.17.5.3,326
1.17.7.1,370
1.17.7.2,15
1.17.7.3,700
1.17.7.4,700
1.17.8.1,12
1.17.9.1,24
1.17.99.6,700
1.17.99.7,700
1.18.1.1,147
1.18.1.2,700
1.18.1.3,337
1.18.1.6,517
1.18.1.7,55
1.18.6.1,700
1.2.1.10,700
1.2.1.11,700
1.2.1.12,700
1.2.1.13,440
1.2.1.16,700
1.2.1.18,7
1.2.1.19,700
1.2.1.22,358
1.2.1.24,476
1.2.1.26,700
1.2.1.27,700
1.2.1.28,96
1.2.1.3,700
1.2.1.32,227
1.2.1.36,22
1.2.1.38,700
1.2.1.39,260
1.2.1.4,10
1.2.1.41,700
1.2.1.44,50
1.2.1.46,165
1.2.1.47,11
1.2.1.48,64
1.2.1.5,690
1.2.1.50,69
1.2.1.58,34
1.2.1.59,700
1.2.1.62,172
1.2.1.65,10
1.2.1.67,268
1.2.1.68,32
1.2.1.69,26
1.2.1.7,12
1.2.1.70,700
1.2.1.71,700
1.2.1.72,700
1.2.1.75,8
1.2.1.76,36
1.2.1.77,28
1.2.1.78,11
1.2.1.79,700
1.2.1.8,700
1.2.1.80,71
1.2.1.81,45
1.2.1.83,365
1.2.1.84,700
1.2.1.85,336
1.2.1.86,64
1.2.1.88,700
1.2.1.9,301
1.2.1.90,11
1.2.1.92,21
1.2.1.96,72
1.2.1.97,466
1.2.1.n2,27
1.2.3.1,15
1.2.3.3,200
1.2.4.1,700
1.2.4.2,700
1.2.4.4,700
1.2.5.1,651
1.2.5.2,27
1.2.5.3,470
1.2.7.1,700
1.2.7.10,27
1.2.7.11,79
1.2.7.12,152
1.2.7.3,700
1.2.7.4,700
1.2.7.5,115
1.2.7.7,581
1.2.7.8,141
1.2.98.1,159
1.2.99.10,9
1.2.99.6,700
1.2.99.7,68
1.2.99.8,177
1.20.1.1,27
1.20.4.1,700
1.20.4.2,8
1.20.4.4,700
1.20.9.1,118
1.21.3.1,9
1.21.3.3,8
1.21.4.1,209
1.21.4.2,651
1.21.4.3,81
1.21.4.4,72
1.21.98.1,700
1.21.98.3,47
1.21.98.4,700
1.21.99.3,7
1.21.99.4,17
1.23.1.2,9
1.23.5.1,13
1.3.1.1,406
1.3.1.100,9
1.3.1.101,13
1.3.1.102,37
1.3.1.104,315
1.3.1.105,20
1.3.1.106,313
1.3.1.108,42
1.3.1.112,16
1.3.1.12,661
1.3.1.13,420
1.3.1.14,700
1.3.1.19,8
1.3.1.2,184
1.3.1.20,12
1.3.1.21,41
1.3.1.22,351
1.3.1.24,68
1.3.1.25,700
1.3.1.28,700
1.3.1.3,75
1.3.1.32,137
1.3.1.33,620
1.3.1.34,700
1.3.1.38,8
1.3.1.39,120
1.3.1.42,50
1.3.1.44,274
1.3.1.48,16
1.3.1.54,700
1.3.1.56,25
1.3.1.6,63
1.3.1.70,28
1.3.1.71,11
1.3.1.72,11
1.3.1.74,12
1.3.1.75,11
1.3.1.76,700
1.3.1.78,22
1.3.1.83,83
1.3.1.84,574
1.3.1.85,290
1.3.1.86,279
1.3.1.87,146
1.3.1.88,11
1.3.1.89,346
1.3.1.9,700
1.3.1.90,80
1.3.1.91,84
1.3.1.93,20
1.3.1.94,16
1.3.1.95,25
1.3.1.98,700
1.3.1.99,17
1.3.1.n3,369
1.3.2.3,22
1.3.3.11,700
1.3.3.3,700
1.3.3.4,700
1.3.3.6,53
1.3.4.1,51
1.3.5.1,700
1.3.5.2,700
1.3.5.3,370
1.3.5.4,700
1.3.5.5,101
1.3.5.6,476
1.3.7.1,10
1.3.7.11,256
1.3.7.12,8
1.3.7.15,407
1.3.7.2,87
1.3.7.3,137
1.3.7.5,311
1.3.7.7,700
1.3.7.8,126
1.3.7.9,81
1.3.8.1,369
1.3.8.12,91
1.3.8.13,198
1.3.8.14,17
1.3.8.2,7
1.3.8.4,685
1.3.8.5,35
1.3.8.6,700
1.3.8.7,42
1.3.8.8,700
1.3.98.1,700
1.3.98.3,700
1.3.98.4,9
1.3.99.16,648
1.3.99.27,42
1.3.99.28,39
1.3.99.31,53
1.3.99.32,14
1.3.99.33,535
1.3.99.37,18
1.3.99.38,49
1.3.99.4,198
1.4.1.1,700
1.4.1.11,43
1.4.1.12,21
1.4.1.13,700
1.4.1.14,453
1.4.1.16,700
1.4.1.17,98
1.4.1.18,14
1.4.1.2,160
1.4.1.20,24
1.4.1.21,700
1.4.1.23,74
1.4.1.24,430
1.4.1.25,64
1.4.1.3,297
1.4.1.4,579
1.4.1.9,252
1.4.3.1,9
1.4.3.10,61
1.4.3.13,17
1.4.3.16,700
1.4.3.19,532
1.4.3.2,478
1.4.3.21,700
1.4.3.22,700
1.4.3.23,16
1.4.3.3,36
1.4.3.4,563
1.4.3.5,700
1.4.4.2,700
1.4.5.1,61
1.4.7.1,96
1.4.9.1,57
1.4.9.2,71
1.4.99.5,129
1.4.99.6,65
1.5.1.1,39
1.5.1.10,18
1.5.1.15,16
1.5.1.19,11
1.5.1.2,700
1.5.1.20,700
1.5.1.24,15
1.5.1.25,8
1.5.1.3,700
1.5.1.30,8
1.5.1.34,16
1.5.1.36,265
1.5.1.37,91
1.5.1.38,529
1.5.1.39,25
1.5.1.40,17
1.5.1.41,272
1.5.1.42,700
1.5.1.43,28
1.5.1.47,8
1.5.1.49,281
1.5.1.5,489
1.5.1.50,9
1.5.1.51,19
1.5.1.6,390
1.5.1.7,577
1.5.1.8,16
1.5.3.1,700
1.5.3.10,34
1.5.3.16,18
1.5.4.1,21
1.5.5.1,700
1.5.5.2,700
1.5.5.3,148
1.5.8.2,11
1.5.8.3,8
1.5.98.1,225
1.5.98.2,173
1.5.99.12,81
1.5.99.14,16
1.5.99.15,13
1.6.1.1,700
1.6.2.2,700
1.6.2.4,700
1.6.2.6,223
1.6.3.4,19
1.6.3.5,553
1.6.5.10,70
1.6.5.11,265
1.6.5.12,43
1.6.5.2,700
1.6.5.4,49
1.6.5.5,700
1.6.5.6,45
1.6.5.7,54
1.6.5.9,49
1.6.99.1,700
1.6.99.3,700
1.7.1.1,63
1.7.1.13,700
1.7.1.15,700
1.7.1.16,8
1.7.1.17,700
1.7.1.3,14
1.7.1.4,700
1.7.1.6,14
1.7.1.7,700
1.7.2.1,700
1.7.2.2,700
1.7.2.3,700
1.7.2.4,700
1.7.2.5,166
1.7.2.6,15
1.7.2.8,39
1.7.3.3,700
1.7.5.1,700
1.7.7.1,195
1.7.7.2,12
1.7.99.1,700
1.8.1.12,15
1.8.1.14,117
1.8.1.15,331
1.8.1.16,157
1.8.1.2,700
1.8.1.4,700
1.8.1.7,700
1.8.1.8,700
1.8.1.9,700
1.8.2.2,22
1.8.2.3,38
1.8.3.1,20
1.8.3.2,700
1.8.3.4,10
1.8.3.7,134
1.8.4.10,517
1.8.4.11,700
1.8.4.12,700
1.8.4.14,353
1.8.4.8,700
1.8.4.9,25
1.8.5.1,14
1.8.5.3,492
1.8.5.4,46
1.8.5.5,25
1.8.5.6,71
1.8.5.7,389
1.8.7.1,358
1.8.7.2,507
1.8.7.3,203
1.8.98.1,52
1.8.98.2,258
1.8.98.5,311
1.8.99.2,322
1.8.99.5,693
1.9.3.1,700
1.9.6.1,700
1.97.1.12,700
1.97.1.2,11
1.97.1.4,700
1.97.1.9,13
2.1.1.10,700
2.1.1.100,484
2.1.1.103,13
2.1.1.104,84
2.1.1.106,10
2.1.1.107,700
2.1.1.11,245
2.1.1.111,7
2.1.1.113,700
2.1.1.117,8
2.1.1.12,43
2.1.1.13,700
2.1.1.130,700
2.1.1.131,650
2.1.1.132,399
2.1.1.133,700
2.1.1.137,148
2.1.1.14,700
2.1.1.140,8
2.1.1.141,10
2.1.1.143,197
2.1.1.144,700
2.1.1.146,22
2.1.1.148,700
2.1.1.15,15
2.1.1.150,15
2.1.1.151,312
2.1.1.152,700
2.1.1.156,21
2.1.1.157,37
2.1.1.160,9
2.1.1.163,700
2.1.1.166,700
2.1.1.167,21
2.1.1.17,494
2.1.1.170,700
2.1.1.171,700
2.1.1.172,700
2.1.1.173,700
2.1.1.174,700
2.1.1.176,700
2.1.1.177,700
2.1.1.178,700
2.1.1.179,25
2.1.1.181,700
2.1.1.182,700
2.1.1.183,700
2.1.1.184,43
2.1.1.185,700
2.1.1.186,700
2.1.1.187,543
2.1.1.189,700
2.1.1.190,700
2.1.1.191,700
2.1.1.192,700
2.1.1.193,700
2.1.1.195,700
2.1.1.196,252
2.1.1.197,700
2.1.1.198,700
2.1.1.199,700
2.1.1.2,91
2.1.1.20,113
2.1.1.200,700
2.1.1.201,700
2.1.1.204,14
2.1.1.205,700
2.1.1.206,700
2.1.1.207,700
2.1.1.208,15
2.1.1.210,28
2.1.1.211,19
2.1.1.216,700
2.1.1.217,24
2.1.1.218,7
2.1.1.22,7
2.1.1.220,700
2.1.1.221,23
2.1.1.222,700
2.1.1.223,700
2.1.1.224,115
2.1.1.225,9
2.1.1.226,148
2.1.1.228,700
2.1.1.229,10
2.1.1.230,11
2.1.1.233,628
2.1.1.234,9
2.1.1.240,23
2.1.1.242,700
2.1.1.244,22
2.1.1.245,127
2.1.1.246,10
2.1.1.247,9
2.1.1.248,9
2.1.1.249,16
2.1.1.250,35
2.1.1.255,26
2.1.1.257,336
2.1.1.258,15
2.1.1.261,7
2.1.1.264,118
2.1.1.265,299
2.1.1.266,700
2.1.1.267,10
2.1.1.268,172
2.1.1.269,49
2.1.1.271,700
2.1.1.272,226
2.1.1.274,21
2.1.1.278,10
2.1.1.282,109
2.1.1.287,70
2.1.1.289,203
2.1.1.290,7
2.1.1.295,46
2.1.1.297,700
2.1.1.298,700
2.1.1.307,15
2.1.1.309,11
2.1.1.314,65
2.1.1.317,11
2.1.1.319,56
2.1.1.320,641
2.1.1.321,196
2.1.1.329,342
2.1.1.33,700
2.1.1.34,700
2.1.1.341,22
2.1.1.342,68
2.1.1.346,186
2.1.1.348,25
2.1.1.35,700
2.1.1.354,38
2.1.1.355,286
2.1.1.356,29
2.1.1.359,20
2.1.1.360,319
2.1.1.361,34
2.1.1.362,21
2.1.1.37,700
2.1.1.4,24
2.1.1.41,361
2.1.1.44,700
2.1.1.45,700
2.1.1.46,11
2.1.1.5,9
2.1.1.50,9
2.1.1.53,19
2.1.1.56,700
2.1.1.57,95
2.1.1.6,252
2.1.1.61,700
2.1.1.63,700
2.1.1.64,428
2.1.1.65,19
2.1.1.67,700
2.1.1.68,81
2.1.1.71,700
2.1.1.72,700
2.1.1.74,700
2.1.1.77,700
2.1.1.79,700
2.1.1.8,11
2.1.1.80,700
2.1.1.85,272
2.1.1.86,700
2.1.1.90,8
2.1.1.95,29
2.1.1.98,501
2.1.1.n11,308
2.1.1.n8,16
2.1.2.1,700
2.1.2.10,700
2.1.2.11,700
2.1.2.13,700
2.1.2.2,700
2.1.2.3,276
2.1.2.5,317
2.1.2.8,21
2.1.2.9,700
2.1.3.1,154
2.1.3.10,35
2.1.3.11,196
2.1.3.15,700
2.1.3.2,700
2.1.3.3,700
2.1.3.6,260
2.1.3.9,237
2.1.4.1,20
2.1.4.2,15
2.10.1.1,700
2.2.1.1,700
2.2.1.10,700
2.2.1.11,65
2.2.1.2,700
2.2.1.3,17
2.2.1.6,700
2.2.1.7,700
2.2.1.9,700
2.3.1.1,700
2.3.1.101,700
2.3.1.102,75
2.3.1.108,344
2.3.1.109,700
2.3.1.117,700
2.3.1.12,700
2.3.1.122,160
2.3.1.129,700
2.3.1.13,11
2.3.1.133,32
2.3.1.146,9
2.3.1.15,700
2.3.1.157,700
2.3.1.158,20
2.3.1.16,700
2.3.1.168,700
2.3.1.169,242
2.3.1.174,700
2.3.1.176,173
2.3.1.178,700
2.3.1.179,700
2.3.1.18,245
2.3.1.180,700
2.3.1.181,700
2.3.1.182,700
2.3.1.183,269
2.3.1.184,700
2.3.1.187,95
2.3.1.188,15
2.3.1.189,700
2.3.1.19,361
2.3.1.191,635
2.3.1.193,700
2.3.1.194,77
2.3.1.196,44
2.3.1.197,10
2.3.1.198,18
2.3.1.199,700
2.3.1.20,700
2.3.1.200,61
2.3.1.201,152
2.3.1.202,105
2.3.1.203,89
2.3.1.204,700
2.3.1.207,288
2.3.1.209,8
2.3.1.21,33
2.3.1.210,559
2.3.1.217,9
2.3.1.22,13
2.3.1.222,700
2.3.1.225,700
2.3.1.227,11
2.3.1.228,10
2.3.1.23,22
2.3.1.231,12
2.3.1.233,62
2.3.1.234,700
2.3.1.239,25
2.3.1.24,16
2.3.1.241,700
2.3.1.242,616
2.3.1.243,700
2.3.1.245,480
2.3.1.246,20
2.3.1.247,24
2.3.1.25,20
2.3.1.251,700
2.3.1.252,7
2.3.1.254,23
2.3.1.255,330
2.3.1.256,12
2.3.1.258,8
2.3.1.26,7
2.3.1.262,21
2.3.1.263,54
2.3.1.265,95
2.3.1.266,700
2.3.1.267,186
2.3.1.268,7
2.3.1.269,700
2.3.1.273,7
2.3.1.274,700
2.3.1.275,700
2.3.1.28,700
2.3.1.280,43
2.3.1.282,15
2.3.1.286,700
2.3.1.29,700
2.3.1.30,700
2.3.1.31,700
2.3.1.35,700
2.3.1.37,700
2.3.1.38,10
2.3.1.39,700
2.3.1.4,639
2.3.1.40,27
2.3.1.41,700
2.3.1.42,133
2.3.1.43,14
2.3.1.46,700
2.3.1.47,700
2.3.1.48,700
2.3.1.5,463
2.3.1.50,70
2.3.1.51,700
2.3.1.54,700
2.3.1.57,494
2.3.1.6,9
2.3.1.60,19
2.3.1.61,700
2.3.1.67,9
2.3.1.74,275
2.3.1.75,540
2.3.1.76,14
2.3.1.79,468
2.3.1.8,700
2.3.1.81,256
2.3.1.82,529
2.3.1.87,42
2.3.1.89,700
2.3.1.9,700
2.3.1.94,7
2.3.1.95,21
2.3.1.97,700
2.3.1.n4,343
2.3.1.n6,9
2.3.1.n7,9
2.3.2.13,267
2.3.2.15,19
2.3.2.16,42
2.3.2.17,36
2.3.2.18,35
2.3.2.2,24
2.3.2.23,494
2.3.2.24,13
2.3.2.26,700
2.3.2.27,700
2.3.2.29,700
2.3.2.3,151
2.3.2.31,700
2.3.2.32,7
2.3.2.5,22
2.3.2.6,700
2.3.2.8,503
2.3.3.1,50
2.3.3.10,700
2.3.3.13,700
2.3.3.14,410
2.3.3.15,419
2.3.3.16,700
2.3.3.19,8
2.3.3.20,43
2.3.3.3,84
2.3.3.5,10
2.3.3.8,109
2.3.3.9,700
2.4.1.1,700
2.4.1.10,140
2.4.1.101,28
2.4.1.102,22
2.4.1.109,120
2.4.1.11,700
2.4.1.115,247
2.4.1.117,17
2.4.1.12,700
2.4.1.120,21
2.4.1.121,165
2.4.1.122,75
2.4.1.123,700
2.4.1.126,22
2.4.1.128,270
2.4.1.129,700
2.4.1.13,700
2.4.1.131,29
2.4.1.132,22
2.4.1.133,22
2.4.1.134,183
2.4.1.135,700
2.4.1.136,101
2.4.1.14,41
2.4.1.141,77
2.4.1.142,15
2.4.1.143,13
2.4.1.145,14
2.4.1.147,52
2.4.1.148,10
2.4.1.149,497
2.4.1.15,700
2.4.1.150,15
2.4.1.152,360
2.4.1.159,15
2.4.1.16,700
2.4.1.161,11
2.4.1.17,700
2.4.1.170,63
2.4.1.173,33
2.4.1.174,484
2.4.1.175,613
2.4.1.177,53
2.4.1.18,700
2.4.1.180,621
2.4.1.182,700
2.4.1.186,19
2.4.1.187,131
2.4.1.19,67
2.4.1.195,69
2.4.1.198,242
2.4.1.20,63
2.4.1.202,38
2.4.1.203,231
2.4.1.206,200
2.4.1.207,700
2.4.1.21,700
2.4.1.210,15
2.4.1.211,269
2.4.1.212,30
2.4.1.213,105
2.4.1.214,18
2.4.1.215,105
2.4.1.216,12
2.4.1.217,23
2.4.1.218,323
2.4.1.221,14
2.4.1.222,312
2.4.1.224,15
2.4.1.225,19
2.4.1.226,223
2.4.1.227,700
2.4.1.230,133
2.4.1.234,13
2.4.1.236,11
2.4.1.237,35
2.4.1.239,23
2.4.1.241,18
2.4.1.242,501
2.4.1.244,145
2.4.1.245,7
2.4.1.246,21
2.4.1.247,48
2.4.1.25,700
2.4.1.250,700
2.4.1.251,8
2.4.1.252,8
2.4.1.253,21
2.4.1.255,38
2.4.1.256,326
2.4.1.257,10
2.4.1.258,676
2.4.1.260,503
2.4.1.261,534
2.4.1.263,43
2.4.1.265,700
2.4.1.266,278
2.4.1.267,563
2.4.1.271,134
2.4.1.272,64
2.4.1.273,9
2.4.1.276,11
2.4.1.280,33
2.4.1.281,700
2.4.1.286,7
2.4.1.287,92
2.4.1.288,83
2.4.1.289,89
2.4.1.290,14
2.4.1.291,36
2.4.1.292,15
2.4.1.293,12
2.4.1.294,21
2.4.1.298,8
2.4.1.312,10
2.4.1.313,220
2.4.1.315,229
2.4.1.319,27
2.4.1.32,53
2.4.1.320,21
2.4.1.321,14
2.4.1.323,200
2.4.1.324,700
2.4.1.325,700
2.4.1.329,39
2.4.1.33,41
2.4.1.330,54
2.4.1.336,14
2.4.1.337,189
2.4.1.34,57
2.4.1.342,161
2.4.1.344,280
2.4.1.345,172
2.4.1.346,154
2.4.1.347,9
2.4.1.352,305
2.4.1.355,11
2.4.1.38,14
2.4.1.4,50
2.4.1.40,22
2.4.1.41,700
2.4.1.43,305
2.4.1.44,341
2.4.1.46,21
2.4.1.47,66
2.4.1.50,10
2.4.1.53,9
2.4.1.54,103
2.4.1.56,373
2.4.1.58,130
2.4.1.62,66
2.4.1.63,193
2.4.1.64,28
2.4.1.65,11
2.4.1.67,18
2.4.1.68,246
2.4.1.69,17
2.4.1.7,700
2.4.1.70,8
2.4.1.79,81
2.4.1.8,201
2.4.1.80,21
2.4.1.82,53
2.4.1.83,700
2.4.1.85,22
2.4.1.86,406
2.4.1.87,14
2.4.1.90,13
2.4.1.91,363
2.4.1.99,17
2.4.2.1,700
2.4.2.10,700
2.4.2.12,238
2.4.2.14,700
2.4.2.15,90
2.4.2.17,700
2.4.2.18,700
2.4.2.19,700
2.4.2.2,700
2.4.2.21,700
2.4.2.22,700
2.4.2.24,239
2.4.2.26,28
2.4.2.28,700
2.4.2.29,700
2.4.2.3,700
2.4.2.30,700
2.4.2.31,617
2.4.2.36,14
2.4.2.37,26
2.4.2.38,11
2.4.2.4,700
2.4.2.40,8
2.4.2.43,700
2.4.2.44,700
2.4.2.45,168
2.4.2.46,70
2.4.2.47,32
2.4.2.48,476
2.4.2.50,105
2.4.2.51,20
2.4.2.52,700
2.4.2.53,700
2.4.2.54,47
2.4.2.57,224
2.4.2.59,700
2.4.2.6,22
2.4.2.60,666
2.4.2.7,700
2.4.2.8,700
2.4.2.9,700
2.4.99.1,14
2.4.99.12,333
2.4.99.13,700
2.4.99.16,700
2.4.99.17,700
2.4.99.18,65
2.4.99.19,11
2.4.99.21,10
2.4.99.4,13
2.4.99.6,39
2.4.99.7,7
2.4.99.8,10
2.5.1.1,179
2.5.1.10,700
2.5.1.101,384
2.5.1.103,189
2.5.1.104,19
2.5.1.108,700
2.5.1.112,38
2.5.1.113,604
2.5.1.114,59
2.5.1.115,60
2.5.1.120,700
2.5.1.126,16
2.5.1.128,58
2.5.1.129,700
2.5.1.130,232
2.5.1.134,208
2.5.1.140,17
2.5.1.141,700
2.5.1.143,65
2.5.1.144,81
2.5.1.145,700
2.5.1.147,524
2.5.1.15,700
2.5.1.16,700
2.5.1.17,700
2.5.1.18,700
2.5.1.19,700
2.5.1.20,19
2.5.1.21,101
2.5.1.22,26
2.5.1.23,9
2.5.1.26,549
2.5.1.27,60
2.5.1.28,23
2.5.1.29,227
2.5.1.3,700
2.5.1.30,108
2.5.1.31,700
2.5.1.32,168
2.5.1.34,17
2.5.1.39,700
2.5.1.41,700
2.5.1.42,344
2.5.1.43,30
2.5.1.44,147
2.5.1.46,692
2.5.1.47,700
2.5.1.48,700
2.5.1.49,700
2.5.1.51,221
2.5.1.54,700
2.5.1.55,700
2.5.1.58,491
2.5.1.59,29
2.5.1.6,700
2.5.1.60,700
2.5.1.61,700
2.5.1.62,121
2.5.1.65,45
2.5.1.68,587
2.5.1.7,700
2.5.1.72,700
2.5.1.73,225
2.5.1.74,700
2.5.1.75,700
2.5.1.76,71
2.5.1.78,700
2.5.1.79,18
2.5.1.81,33
2.5.1.84,40
2.5.1.85,23
2.5.1.86,202
2.5.1.87,455
2.5.1.88,700
2.5.1.89,700
2.5.1.9,700
2.5.1.90,700
2.5.1.91,10
2.5.1.93,25
2.5.1.96,18
2.5.1.97,431
2.5.1.n9,700
2.6.1.1,700
2.6.1.101,15
2.6.1.102,22
2.6.1.103,9
2.6.1.104,8
2.6.1.105,287
2.6.1.106,57
2.6.1.107,700
2.6.1.109,18
2.6.1.11,700
2.6.1.111,10
2.6.1.112,189
2.6.1.113,329
2.6.1.13,700
2.6.1.14,596
2.6.1.16,700
2.6.1.17,700
2.6.1.18,700
2.6.1.19,700
2.6.1.2,700
2.6.1.21,439
2.6.1.22,700
2.6.1.27,15
2.6.1.3,8
2.6.1.33,73
2.6.1.34,99
2.6.1.35,61
2.6.1.36,253
2.6.1.37,700
2.6.1.39,19
2.6.1.40,13
2.6.1.42,700
2.6.1.44,47
2.6.1.45,92
2.6.1.48,602
2.6.1.5,337
2.6.1.51,259
2.6.1.52,700
2.6.1.57,700
2.6.1.59,700
2.6.1.62,700
2.6.1.66,659
2.6.1.7,21
2.6.1.76,700
2.6.1.77,97
2.6.1.78,295
2.6.1.79,8
2.6.1.80,9
2.6.1.81,700
2.6.1.82,20
2.6.1.83,700
2.6.1.84,568
2.6.1.85,700
2.6.1.87,700
2.6.1.88,503
2.6.1.9,700
2.6.1.90,110
2.6.1.92,331
2.6.1.96,76
2.6.1.97,12
2.6.1.98,90
2.6.99.2,700
2.6.99.3,404
2.7.1.1,700
2.7.1.100,700
2.7.1.101,18
2.7.1.105,21
2.7.1.107,700
2.7.1.108,10
2.7.1.11,700
2.7.1.113,228
2.7.1.12,700
2.7.1.121,700
2.7.1.127,643
2.7.1.130,700
2.7.1.134,612
2.7.1.137,417
2.7.1.138,14
2.7.1.140,378
2.7.1.144,690
2.7.1.146,78
2.7.1.147,9
2.7.1.148,700
2.7.1.149,22
2.7.1.15,700
2.7.1.151,24
2.7.1.153,133
2.7.1.158,473
2.7.1.159,30
2.7.1.16,700
2.7.1.161,375
2.7.1.164,8
2.7.1.165,639
2.7.1.166,697
2.7.1.167,700
2.7.1.168,18
2.7.1.169,7
2.7.1.17,700
2.7.1.170,700
2.7.1.172,141
2.7.1.175,29
2.7.1.176,100
2.7.1.177,51
2.7.1.179,8
2.7.1.180,700
2.7.1.182,21
2.7.1.184,380
2.7.1.189,649
2.7.1.19,700
2.7.1.191,456
2.7.1.192,104
2.7.1.193,346
2.7.1.194,67
2.7.1.195,76
2.7.1.196,103
2.7.1.197,453
2.7.1.198,294
2.7.1.199,522
2.7.1.2,700
2.7.1.20,200
2.7.1.200,53
2.7.1.201,700
2.7.1.202,700
2.7.1.204,82
2.7.1.205,190
2.7.1.206,62
2.7.1.207,150
2.7.1.208,182
2.7.1.209,53
2.7.1.21,700
2.7.1.210,39
2.7.1.213,7
2.7.1.215,32
2.7.1.217,24
2.7.1.218,30
2.7.1.22,427
2.7.1.221,43
2.7.1.23,700
2.7.1.24,700
2.7.1.25,700
2.7.1.26,700
2.7.1.28,15
2.7.1.29,202
2.7.1.30,700
2.7.1.31,700
2.7.1.32,30
2.7.1.33,700
2.7.1.35,700
2.7.1.36,492
2.7.1.39,700
2.7.1.4,700
2.7.1.40,700
2.7.1.44,8
2.7.1.45,564
2.7.1.46,8
2.7.1.47,19
2.7.1.48,700
2.7.1.49,655
2.7.1.5,700
2.7.1.50,700
2.7.1.51,700
2.7.1.53,42
2.7.1.55,135
2.7.1.56,700
2.7.1.58,318
2.7.1.59,700
2.7.1.6,700
2.7.1.60,589
2.7.1.64,7
2.7.1.66,160
2.7.1.67,67
2.7.1.68,567
2.7.1.71,700
2.7.1.72,11
2.7.1.73,357
2.7.1.74,11
2.7.1.76,99
2.7.1.78,116
2.7.1.8,36
2.7.1.82,27
2.7.1.83,150
2.7.1.85,74
2.7.1.86,19
2.7.1.87,57
2.7.1.89,501
2.7.1.90,700
2.7.1.91,15
2.7.1.92,700
2.7.1.95,75
2.7.10.1,700
2.7.10.2,700
2.7.11.1,700
2.7.11.10,13
2.7.11.11,56
2.7.11.12,505
2.7.11.13,700
2.7.11.14,447
2.7.11.15,417
2.7.11.16,700
2.7.11.17,110
2.7.11.18,18
2.7.11.19,14
2.7.11.2,700
2.7.11.20,255
2.7.11.21,700
2.7.11.22,365
2.7.11.23,107
2.7.11.24,700
2.7.11.25,700
2.7.11.26,700
2.7.11.27,7
2.7.11.30,700
2.7.11.31,343
2.7.11.32,110
2.7.11.33,700
2.7.11.4,249
2.7.11.5,63
2.7.12.1,129
2.7.12.2,109
2.7.13.3,700
2.7.14.1,700
2.7.2.1,700
2.7.2.11,700
2.7.2.15,700
2.7.2.2,476
2.7.2.3,700
2.7.2.4,700
2.7.2.7,700
2.7.2.8,700
2.7.3.2,38
2.7.3.3,110
2.7.3.9,700
2.7.4.1,700
2.7.4.10,330
2.7.4.13,23
2.7.4.14,700
2.7.4.16,700
2.7.4.2,155
2.7.4.21,319
2.7.4.22,700
2.7.4.23,700
2.7.4.24,460
2.7.4.25,700
2.7.4.26,247
2.7.4.27,700
2.7.4.28,92
2.7.4.29,550
2.7.4.3,700
2.7.4.6,700
2.7.4.7,700
2.7.4.8,700
2.7.4.9,700
2.7.6.1,700
2.7.6.2,410
2.7.6.3,700
2.7.6.5,700
2.7.7.1,621
2.7.7.12,700
2.7.7.13,700
2.7.7.14,21
2.7.7.15,38
2.7.7.18,700
2.7.7.19,700
2.7.7.2,609
2.7.7.23,385
2.7.7.24,700
2.7.7.27,700
2.7.7.3,700
2.7.7.31,153
2.7.7.33,700
2.7.7.38,700
2.7.7.39,475
2.7.7.4,700
2.7.7.40,576
2.7.7.41,700
2.7.7.42,79
2.7.7.43,61
2.7.7.46,7
2.7.7.47,333
2.7.7.48,700
2.7.7.49,301
2.7.7.50,259
2.7.7.52,18
2.7.7.53,121
2.7.7.56,700
2.7.7.58,700
2.7.7.59,109
2.7.7.6,700
2.7.7.60,700
2.7.7.61,263
2.7.7.62,700
2.7.7.64,11
2.7.7.65,700
2.7.7.66,515
2.7.7.67,487
2.7.7.68,700
2.7.7.69,20
2.7.7.7,700
2.7.7.70,190
2.7.7.71,11
2.7.7.72,700
2.7.7.73,283
2.7.7.74,7
2.7.7.75,700
2.7.7.76,67
2.7.7.77,700
2.7.7.79,700
2.7.7.8,700
2.7.7.80,392
2.7.7.81,338
2.7.7.82,35
2.7.7.83,14
2.7.7.84,9
2.7.7.85,700
2.7.7.87,700
2.7.7.89,700
2.7.7.9,700
2.7.7.90,49
2.7.7.99,266
2.7.7.n1,700
2.7.8.1,31
2.7.8.11,547
2.7.8.12,43
2.7.8.13,700
2.7.8.14,17
2.7.8.15,42
2.7.8.2,18
2.7.8.20,700
2.7.8.24,700
2.7.8.26,700
2.7.8.27,18
2.7.8.28,700
2.7.8.29,12
2.7.8.31,320
2.7.8.33,700
2.7.8.35,91
2.7.8.36,152
2.7.8.37,447
2.7.8.39,10
2.7.8.40,29
2.7.8.41,48
2.7.8.42,350
2.7.8.44,15
2.7.8.45,14
2.7.8.5,700
2.7.8.6,137
2.7.8.7,700
2.7.8.8,700
2.7.9.1,700
2.7.9.2,700
2.7.9.3,700
2.7.9.4,7
2.8.1.1,700
2.8.1.10,700
2.8.1.11,700
2.8.1.12,700
2.8.1.13,700
2.8.1.14,14
2.8.1.2,210
2.8.1.4,700
2.8.1.6,700
2.8.1.7,700
2.8.1.8,700
2.8.1.9,700
2.8.2.1,186
2.8.2.14,117
2.8.2.17,307
2.8.2.2,176
2.8.2.20,700
2.8.2.21,326
2.8.2.22,204
2.8.2.23,686
2.8.2.24,29
2.8.2.25,10
2.8.2.27,26
2.8.2.29,197
2.8.2.3,137
2.8.2.30,444
2.8.2.33,106
2.8.2.35,74
2.8.2.38,112
2.8.2.39,155
2.8.2.4,70
2.8.2.5,640
2.8.2.8,11
2.8.2.n2,224
2.8.3.12,53
2.8.3.15,7
2.8.3.16,700
2.8.3.17,18
2.8.3.18,183
2.8.3.19,92
2.8.3.20,148
2.8.3.21,282
2.8.3.22,27
2.8.3.23,51
2.8.3.5,700
2.8.3.6,700
2.8.3.8,696
2.8.3.9,175
2.8.4.1,700
2.8.4.2,56
2.8.4.3,700
2.8.4.4,700
2.8.4.5,213
2.8.5.2,700
2.9.1.1,700
2.9.1.2,272
3.1.1.1,700
3.1.1.101,11
3.1.1.106,575
3.1.1.11,700
3.1.1.13,11
3.1.1.14,23
3.1.1.15,17
3.1.1.17,15
3.1.1.2,65
3.1.1.20,456
3.1.1.22,240
3.1.1.23,84
3.1.1.24,265
3.1.1.26,7
3.1.1.28,37
3.1.1.29,700
3.1.1.3,700
3.1.1.31,700
3.1.1.32,85
3.1.1.34,246
3.1.1.4,700
3.1.1.41,63
3.1.1.45,407
3.1.1.47,278
3.1.1.5,700
3.1.1.53,340
3.1.1.56,700
3.1.1.57,53
3.1.1.59,29
3.1.1.6,11
3.1.1.61,167
3.1.1.64,8
3.1.1.67,21
3.1.1.7,700
3.1.1.72,139
3.1.1.73,503
3.1.1.74,700
3.1.1.75,14
3.1.1.77,591
3.1.1.79,10
3.1.1.8,321
3.1.1.81,81
3.1.1.85,700
3.1.1.87,9
3.1.1.88,58
3.1.1.89,694
3.1.1.96,700
3.1.1.99,44
3.1.1.n2,21
3.1.11.1,700
3.1.11.2,700
3.1.11.3,53
3.1.11.5,700
3.1.11.6,700
3.1.11.7,11
3.1.12.1,100
3.1.12.2,11
3.1.13.1,700
3.1.13.4,120
3.1.13.5,700
3.1.16.1,9
3.1.2.1,46
3.1.2.12,700
3.1.2.14,233
3.1.2.2,50
3.1.2.20,10
3.1.2.22,29
3.1.2.28,623
3.1.2.29,13
3.1.2.30,120
3.1.2.4,561
3.1.2.6,700
3.1.21.1,290
3.1.21.2,700
3.1.21.3,514
3.1.21.4,700
3.1.21.5,76
3.1.21.7,700
3.1.22.1,10
3.1.22.4,700
3.1.26.11,700
3.1.26.12,520
3.1.26.3,700
3.1.26.4,700
3.1.26.5,700
3.1.26.8,700
3.1.26.n2,179
3.1.27.3,49
3.1.3.1,700
3.1.3.10,676
3.1.3.102,16
3.1.3.103,11
3.1.3.104,447
3.1.3.105,83
3.1.3.11,700
3.1.3.12,700
3.1.3.15,700
3.1.3.16,700
3.1.3.18,700
3.1.3.2,700
3.1.3.21,49
3.1.3.23,700
3.1.3.24,35
3.1.3.25,700
3.1.3.27,700
3.1.3.3,700
3.1.3.32,11
3.1.3.33,263
3.1.3.36,18
3.1.3.37,38
3.1.3.39,11
3.1.3.4,49
3.1.3.41,252
3.1.3.43,8
3.1.3.45,700
3.1.3.46,88
3.1.3.48,700
3.1.3.5,700
3.1.3.56,22
3.1.3.57,14
3.1.3.6,700
3.1.3.60,45
3.1.3.62,12
3.1.3.64,22
3.1.3.67,225
3.1.3.69,24
3.1.3.7,700
3.1.3.70,319
3.1.3.71,700
3.1.3.73,300
3.1.3.74,529
3.1.3.77,700
3.1.3.78,430
3.1.3.79,18
3.1.3.8,58
3.1.3.81,15
3.1.3.82,700
3.1.3.83,460
3.1.3.84,14
3.1.3.85,27
3.1.3.86,46
3.1.3.87,658
3.1.3.89,700
3.1.3.9,317
3.1.3.91,7
3.1.3.95,39
3.1.3.96,10
3.1.3.97,71
3.1.3.99,368
3.1.30.1,19
3.1.30.2,238
3.1.31.1,287
3.1.4.1,700
3.1.4.11,700
3.1.4.12,319
3.1.4.14,454
3.1.4.16,17
3.1.4.17,700
3.1.4.3,352
3.1.4.35,700
3.1.4.37,69
3.1.4.39,10
3.1.4.4,700
3.1.4.41,11
3.1.4.46,700
3.1.4.52,700
3.1.4.53,700
3.1.4.55,122
3.1.4.58,700
3.1.4.59,700
3.1.5.1,700
3.1.6.1,218
3.1.6.12,8
3.1.6.14,253
3.1.6.6,414
3.1.6.8,7
3.1.7.2,700
3.1.7.6,353
3.1.8.1,18
3.1.8.2,47
3.10.1.1,7
3.11.1.1,700
3.11.1.2,266
3.11.1.3,46
3.13.1.1,102
3.13.1.3,7
3.13.1.5,11
3.13.1.6,62
3.2.1.1,700
3.2.1.10,700
3.2.1.101,267
3.2.1.106,15
3.2.1.11,14
3.2.1.113,700
3.2.1.114,84
3.2.1.119,9
3.2.1.122,403
3.2.1.125,11
3.2.1.131,700
3.2.1.132,700
3.2.1.135,120
3.2.1.136,31
3.2.1.139,329
3.2.1.14,700
3.2.1.141,700
3.2.1.142,9
3.2.1.143,22
3.2.1.147,19
3.2.1.15,316
3.2.1.151,221
3.2.1.152,11
3.2.1.153,9
3.2.1.154,15
3.2.1.156,43
3.2.1.165,11
3.2.1.169,32
3.2.1.17,700
3.2.1.171,12
3.2.1.172,24
3.2.1.176,26
3.2.1.177,700
3.2.1.178,13
3.2.1.179,15
3.2.1.18,700
3.2.1.180,86
3.2.1.182,7
3.2.1.183,18
3.2.1.184,81
3.2.1.196,700
3.2.1.199,448
3.2.1.2,700
3.2.1.20,700
3.2.1.207,16
3.2.1.21,700
3.2.1.22,700
3.2.1.23,700
3.2.1.24,487
3.2.1.25,29
3.2.1.26,700
3.2.1.28,700
3.2.1.3,640
3.2.1.31,486
3.2.1.35,700
3.2.1.37,219
3.2.1.39,396
3.2.1.4,700
3.2.1.40,24
3.2.1.41,114
3.2.1.45,637
3.2.1.49,515
3.2.1.50,13
3.2.1.51,343
3.2.1.52,700
3.2.1.54,40
3.2.1.55,700
3.2.1.58,65
3.2.1.6,21
3.2.1.60,11
3.2.1.64,23
3.2.1.67,77
3.2.1.68,41
3.2.1.7,10
3.2.1.70,313
3.2.1.72,12
3.2.1.73,182
3.2.1.74,56
3.2.1.75,11
3.2.1.78,227
3.2.1.8,700
3.2.1.80,31
3.2.1.81,22
3.2.1.82,39
3.2.1.84,11
3.2.1.85,700
3.2.1.86,700
3.2.1.89,469
3.2.1.91,700
3.2.1.93,700
3.2.1.96,123
3.2.1.98,73
3.2.1.99,607
3.2.1.n1,11
3.2.2.19,24
3.2.2.2,123
3.2.2.20,700
3.2.2.21,685
3.2.2.22,271
3.2.2.23,266
3.2.2.24,75
3.2.2.26,670
3.2.2.27,700
3.2.2.28,394
3.2.2.3,24
3.2.2.30,655
3.2.2.31,700
3.2.2.4,700
3.2.2.6,88
3.2.2.8,162
3.2.2.9,700
3.2.2.n1,700
3.3.1.1,700
3.3.2.1,362
3.3.2.10,197
3.3.2.12,219
3.3.2.15,39
3.3.2.6,263
3.3.2.9,316
3.4.11.1,700
3.4.11.10,258
3.4.11.14,700
3.4.11.15,194
3.4.11.18,700
3.4.11.19,113
3.4.11.2,700
3.4.11.20,71
3.4.11.21,29
3.4.11.23,700
3.4.11.24,20
3.4.11.25,10
3.4.11.3,36
3.4.11.4,700
3.4.11.5,700
3.4.11.6,12
3.4.11.7,536
3.4.11.9,700
3.4.13.18,606
3.4.13.19,700
3.4.13.21,669
3.4.13.22,700
3.4.13.9,700
3.4.14.1,10
3.4.14.10,32
3.4.14.11,700
3.4.14.12,22
3.4.14.13,15
3.4.14.4,345
3.4.14.5,77
3.4.14.9,8
3.4.15.1,438
3.4.15.5,700
3.4.15.6,177
3.4.16.4,700
3.4.16.5,700
3.4.16.6,700
3.4.17.10,7
3.4.17.13,469
3.4.17.14,35
3.4.17.18,40
3.4.17.19,700
3.4.17.21,39
3.4.17.23,229
3.4.19.1,19
3.4.19.11,27
3.4.19.12,700
3.4.19.13,700
3.4.19.3,700
3.4.19.5,606
3.4.19.6,66
3.4.19.9,446
3.4.21.1,21
3.4.21.10,45
3.4.21.100,35
3.4.21.101,15
3.4.21.102,700
3.4.21.105,700
3.4.21.107,700
3.4.21.108,12
3.4.21.109,98
3.4.21.111,60
3.4.21.116,158
3.4.21.12,9
3.4.21.19,64
3.4.21.22,10
3.4.21.25,13
3.4.21.26,226
3.4.21.32,9
3.4.21.35,28
3.4.21.39,7
3.4.21.4,144
3.4.21.5,121
3.4.21.50,22
3.4.21.53,700
3.4.21.59,11
3.4.21.6,17
3.4.21.62,49
3.4.21.63,11
3.4.21.68,184
3.4.21.69,9
3.4.21.7,168
3.4.21.72,13
3.4.21.74,7
3.4.21.75,11
3.4.21.80,10
3.4.21.81,38
3.4.21.83,700
3.4.21.88,700
3.4.21.89,700
3.4.21.90,76
3.4.21.92,700
3.4.21.94,11
3.4.21.97,382
3.4.22.1,26
3.4.22.10,11
3.4.22.15,74
3.4.22.16,19
3.4.22.34,32
3.4.22.36,8
3.4.22.38,11
3.4.22.39,134
3.4.22.40,316
3.4.22.43,14
3.4.22.45,14
3.4.22.48,21
3.4.22.50,14
3.4.22.51,10
3.4.22.52,10
3.4.22.53,11
3.4.22.54,7
3.4.22.56,11
3.4.22.61,9
3.4.22.65,8
3.4.22.71,12
3.4.22.8,21
3.4.23.1,36
3.4.23.15,7
3.4.23.18,14
3.4.23.21,13
3.4.23.24,22
3.4.23.25,13
3.4.23.3,14
3.4.23.36,700
3.4.23.4,14
3.4.23.43,700
3.4.23.48,39
3.4.23.49,91
3.4.23.5,19
3.4.23.50,9
3.4.23.51,265
3.4.23.52,10
3.4.24.11,37
3.4.24.13,10
3.4.24.15,12
3.4.24.18,222
3.4.24.19,295
3.4.24.20,10
3.4.24.21,53
3.4.24.24,7
3.4.24.25,163
3.4.24.26,65
3.4.24.27,59
3.4.24.28,462
3.4.24.29,53
3.4.24.3,35
3.4.24.30,30
3.4.24.33,8
3.4.24.35,9
3.4.24.36,189
3.4.24.39,315
3.4.24.40,80
3.4.24.55,700
3.4.24.59,687
3.4.24.61,15
3.4.24.63,263
3.4.24.64,45
3.4.24.66,95
3.4.24.67,299
3.4.24.7,11
3.4.24.70,700
3.4.24.71,13
3.4.24.75,16
3.4.24.77,377
3.4.24.78,700
3.4.24.84,508
3.4.25.1,700
3.4.25.2,700
3.5.1.1,700
3.5.1.10,700
3.5.1.100,57
3.5.1.101,92
3.5.1.102,47
3.5.1.103,700
3.5.1.104,105
3.5.1.105,508
3.5.1.106,62
3.5.1.107,40
3.5.1.108,700
3.5.1.11,64
3.5.1.110,700
3.5.1.115,700
3.5.1.116,23
3.5.1.118,308
3.5.1.122,14
3.5.1.124,378
3.5.1.125,18
3.5.1.126,228
3.5.1.127,12
3.5.1.128,248
3.5.1.13,13
3.5.1.131,340
3.5.1.14,63
3.5.1.15,202
3.5.1.16,700
3.5.1.18,700
3.5.1.19,618
3.5.1.2,700
3.5.1.23,700
3.5.1.24,181
3.5.1.25,700
3.5.1.26,113
3.5.1.28,700
3.5.1.3,321
3.5.1.32,27
3.5.1.38,224
3.5.1.4,700
3.5.1.41,14
3.5.1.42,496
3.5.1.44,700
3.5.1.47,700
3.5.1.49,700
3.5.1.5,700
3.5.1.52,32
3.5.1.53,700
3.5.1.54,246
3.5.1.59,16
3.5.1.6,15
3.5.1.62,81
3.5.1.77,84
3.5.1.78,155
3.5.1.81,142
3.5.1.82,19
3.5.1.83,32
3.5.1.86,14
3.5.1.87,281
3.5.1.88,700
3.5.1.89,7
3.5.1.9,700
3.5.1.90,22
3.5.1.92,7
3.5.1.94,171
3.5.1.96,700
3.5.1.97,177
3.5.1.98,700
3.5.1.99,18
3.5.1.n3,700
3.5.2.1,220
3.5.2.10,77
3.5.2.15,328
3.5.2.17,700
3.5.2.18,15
3.5.2.19,11
3.5.2.2,700
3.5.2.20,15
3.5.2.3,700
3.5.2.5,700
3.5.2.6,700
3.5.2.7,700
3.5.2.9,700
3.5.3.1,700
3.5.3.10,413
3.5.3.11,700
3.5.3.12,700
3.5.3.15,12
3.5.3.17,276
3.5.3.18,116
3.5.3.22,7
3.5.3.23,700
3.5.3.24,12
3.5.3.26,164
3.5.3.3,159
3.5.3.4,700
3.5.3.6,700
3.5.3.7,411
3.5.3.8,700
3.5.3.9,284
3.5.4.1,700
3.5.4.10,700
3.5.4.11,315
3.5.4.12,106
3.5.4.13,700
3.5.4.15,18
3.5.4.16,700
3.5.4.19,700
3.5.4.2,700
3.5.4.23,24
3.5.4.25,700
3.5.4.26,43
3.5.4.27,700
3.5.4.28,223
3.5.4.29,286
3.5.4.3,700
3.5.4.30,700
3.5.4.31,700
3.5.4.32,438
3.5.4.33,700
3.5.4.34,11
3.5.4.36,10
3.5.4.38,15
3.5.4.39,368
3.5.4.4,700
3.5.4.40,251
3.5.4.41,14
3.5.4.43,18
3.5.4.44,379
3.5.4.46,53
3.5.4.5,700
3.5.4.6,700
3.5.4.9,700
3.5.5.1,294
3.5.5.7,95
3.5.5.8,75
3.5.99.10,658
3.5.99.2,700
3.5.99.5,50
3.5.99.6,700
3.5.99.7,700
3.6.1.1,700
3.6.1.10,135
3.6.1.11,700
3.6.1.12,574
3.6.1.13,700
3.6.1.15,235
3.6.1.17,389
3.6.1.21,8
3.6.1.22,700
3.6.1.23,700
3.6.1.25,105
3.6.1.26,700
3.6.1.27,700
3.6.1.28,52
3.6.1.29,149
3.6.1.3,700
3.6.1.31,700
3.6.1.40,700
3.6.1.41,700
3.6.1.42,15
3.6.1.43,13
3.6.1.45,11
3.6.1.5,52
3.6.1.52,22
3.6.1.53,15
3.6.1.54,700
3.6.1.55,540
3.6.1.57,96
3.6.1.6,19
3.6.1.62,14
3.6.1.63,280
3.6.1.65,175
3.6.1.66,700
3.6.1.67,337
3.6.1.68,9
3.6.1.7,700
3.6.1.8,700
3.6.1.9,700
3.6.2.1,120
3.6.4.10,149
3.6.4.12,700
3.6.4.13,700
3.6.4.6,147
3.6.5.2,71
3.6.5.5,79
3.6.5.n1,700
3.7.1.12,169
3.7.1.14,357
3.7.1.17,21
3.7.1.2,700
3.7.1.20,45
3.7.1.21,68
3.7.1.22,700
3.7.1.25,11
3.7.1.3,700
3.7.1.5,21
3.7.1.8,51
3.7.1.9,42
3.8.1.2,57
3.8.1.3,41
3.8.1.5,700
3.9.1.2,29
4.1.1.1,112
4.1.1.101,288
4.1.1.102,314
4.1.1.104,182
4.1.1.105,25
4.1.1.107,14
4.1.1.11,700
4.1.1.112,700
4.1.1.114,27
4.1.1.117,12
4.1.1.15,700
4.1.1.17,700
4.1.1.18,700
4.1.1.19,700
4.1.1.2,140
4.1.1.20,700
4.1.1.21,700
4.1.1.22,209
4.1.1.23,700
4.1.1.25,70
4.1.1.28,78
4.1.1.31,700
4.1.1.32,700
4.1.1.33,700
4.1.1.35,614
4.1.1.36,293
4.1.1.37,700
4.1.1.39,700
4.1.1.4,700
4.1.1.44,270
4.1.1.45,322
4.1.1.47,700
4.1.1.48,700
4.1.1.49,700
4.1.1.5,700
4.1.1.50,700
4.1.1.55,32
4.1.1.59,148
4.1.1.61,30
4.1.1.64,74
4.1.1.65,700
4.1.1.7,112
4.1.1.74,286
4.1.1.75,91
4.1.1.77,162
4.1.1.79,91
4.1.1.8,535
4.1.1.81,700
4.1.1.82,11
4.1.1.83,39
4.1.1.85,538
4.1.1.86,179
4.1.1.87,15
4.1.1.94,16
4.1.1.96,700
4.1.1.97,91
4.1.1.98,700
4.1.1.99,30
4.1.2.10,16
4.1.2.11,13
4.1.2.13,700
4.1.2.14,449
4.1.2.17,418
4.1.2.19,700
4.1.2.20,508
4.1.2.21,700
4.1.2.25,700
4.1.2.27,30
4.1.2.28,46
4.1.2.29,60
4.1.2.4,700
4.1.2.40,700
4.1.2.42,31
4.1.2.43,300
4.1.2.44,535
4.1.2.48,700
4.1.2.49,257
4.1.2.50,700
4.1.2.52,700
4.1.2.53,238
4.1.2.57,291
4.1.2.58,9
4.1.2.8,27
4.1.2.9,70
4.1.3.1,700
4.1.3.16,700
4.1.3.17,111
4.1.3.24,142
4.1.3.25,49
4.1.3.27,700
4.1.3.3,585
4.1.3.30,700
4.1.3.32,21
4.1.3.36,700
4.1.3.38,676
4.1.3.39,700
4.1.3.4,700
4.1.3.40,700
4.1.3.41,70
4.1.3.43,11
4.1.3.44,207
4.1.3.6,700
4.1.99.1,700
4.1.99.11,42
4.1.99.12,700
4.1.99.13,40
4.1.99.14,288
4.1.99.16,700
4.1.99.17,700
4.1.99.19,419
4.1.99.2,350
4.1.99.20,13
4.1.99.22,700
4.1.99.23,37
4.1.99.3,700
4.1.99.5,319
4.2.1.1,700
4.2.1.10,700
4.2.1.100,20
4.2.1.101,438
4.2.1.103,99
4.2.1.104,700
4.2.1.108,700
4.2.1.109,700
4.2.1.11,700
4.2.1.113,700
4.2.1.114,398
4.2.1.115,700
4.2.1.116,29
4.2.1.118,231
4.2.1.119,148
4.2.1.12,700
4.2.1.125,45
4.2.1.126,700
4.2.1.129,634
4.2.1.130,11
4.2.1.131,37
4.2.1.132,126
4.2.1.133,11
4.2.1.134,700
4.2.1.135,124
4.2.1.136,700
4.2.1.137,10
4.2.1.146,39
4.2.1.147,329
4.2.1.148,12
4.2.1.149,587
4.2.1.150,345
4.2.1.151,700
4.2.1.152,29
4.2.1.155,77
4.2.1.156,83
4.2.1.157,35
4.2.1.162,700
4.2.1.163,348
4.2.1.164,90
4.2.1.167,35
4.2.1.168,32
4.2.1.17,700
4.2.1.171,41
4.2.1.172,109
4.2.1.18,116
4.2.1.19,700
4.2.1.2,700
4.2.1.20,700
4.2.1.22,700
4.2.1.24,700
4.2.1.25,478
4.2.1.28,423
4.2.1.3,700
4.2.1.30,93
4.2.1.31,148
4.2.1.32,549
4.2.1.33,700
4.2.1.36,700
4.2.1.39,10
4.2.1.40,700
4.2.1.41,700
4.2.1.42,700
4.2.1.43,98
4.2.1.44,700
4.2.1.45,396
4.2.1.46,700
4.2.1.47,700
4.2.1.49,700
4.2.1.51,700
4.2.1.53,589
4.2.1.54,18
4.2.1.55,23
4.2.1.56,96
4.2.1.59,700
4.2.1.6,700
4.2.1.65,55
4.2.1.66,172
4.2.1.67,307
4.2.1.68,152
4.2.1.7,412
4.2.1.70,700
4.2.1.75,700
4.2.1.77,102
4.2.1.78,9
4.2.1.79,43
4.2.1.8,700
4.2.1.80,415
4.2.1.81,700
4.2.1.82,700
4.2.1.83,59
4.2.1.84,700
4.2.1.85,137
4.2.1.9,700
4.2.1.90,696
4.2.1.91,650
4.2.1.92,29
4.2.1.93,700
4.2.1.94,8
4.2.1.96,700
4.2.1.99,22
4.2.2.1,49
4.2.2.10,80
4.2.2.2,700
4.2.2.21,7
4.2.2.22,8
4.2.2.23,264
4.2.2.26,11
4.2.2.3,553
4.2.2.6,59
4.2.2.7,23
4.2.2.8,9
4.2.2.9,50
4.2.2.n1,700
4.2.2.n2,700
4.2.3.1,700
4.2.3.105,11
4.2.3.111,17
4.2.3.118,191
4.2.3.119,13
4.2.3.12,214
4.2.3.124,7
4.2.3.125,108
4.2.3.128,76
4.2.3.13,8
4.2.3.130,18
4.2.3.135,49
4.2.3.15,13
4.2.3.152,17
4.2.3.153,185
4.2.3.154,21
4.2.3.155,15
4.2.3.156,84
4.2.3.158,18
4.2.3.164,16
4.2.3.165,22
4.2.3.169,46
4.2.3.170,16
4.2.3.171,22
4.2.3.181,37
4.2.3.182,14
4.2.3.19,19
4.2.3.193,15
4.2.3.23,17
4.2.3.26,11
4.2.3.27,7
4.2.3.3,700
4.2.3.37,207
4.2.3.4,700
4.2.3.46,15
4.2.3.47,10
4.2.3.48,27
4.2.3.5,700
4.2.3.6,41
4.2.3.61,8
4.2.3.62,25
4.2.3.7,16
4.2.3.74,14
4.2.3.75,45
4.2.3.81,13
4.2.3.89,55
4.2.3.90,24
4.2.3.96,21
4.2.99.18,700
4.2.99.20,700
4.2.99.21,50
4.3.1.1,700
4.3.1.12,700
4.3.1.14,55
4.3.1.15,695
4.3.1.16,361
4.3.1.17,700
4.3.1.18,700
4.3.1.19,700
4.3.1.2,214
4.3.1.24,700
4.3.1.25,19
4.3.1.27,63
4.3.1.28,7
4.3.1.29,40
4.3.1.3,700
4.3.1.32,700
4.3.1.7,700
4.3.1.9,697
4.3.2.1,700
4.3.2.10,700
4.3.2.2,700
4.3.2.3,700
4.3.2.5,22
4.3.2.7,700
4.3.2.9,330
4.3.3.6,700
4.3.3.7,700
4.3.99.3,700
4.3.99.4,237
4.4.1.1,477
4.4.1.11,119
4.4.1.13,700
4.4.1.14,137
4.4.1.15,700
4.4.1.16,36
4.4.1.17,700
4.4.1.19,50
4.4.1.2,700
4.4.1.21,700
4.4.1.22,700
4.4.1.24,121
4.4.1.25,194
4.4.1.28,14
4.4.1.3,61
4.4.1.4,27
4.4.1.5,700
4.4.1.9,228
4.5.1.3,8
4.6.1.1,700
4.6.1.12,700
4.6.1.13,52
4.6.1.16,666
4.6.1.17,700
4.6.1.18,83
4.6.1.19,84
4.6.1.2,613
4.6.1.21,210
4.7.1.1,700
4.99.1.1,700
4.99.1.12,381
4.99.1.2,55
4.99.1.3,456
4.99.1.4,165
5.1.1.1,700
5.1.1.10,453
5.1.1.12,22
5.1.1.13,86
5.1.1.15,7
5.1.1.19,17
5.1.1.20,700
5.1.1.21,88
5.1.1.22,14
5.1.1.3,700
5.1.1.4,57
5.1.1.5,92
5.1.1.7,700
5.1.1.8,700
5.1.2.1,11
5.1.2.3,119
5.1.3.1,700
5.1.3.10,21
5.1.3.11,414
5.1.3.13,700
5.1.3.14,700
5.1.3.15,700
5.1.3.18,39
5.1.3.2,700
5.1.3.20,700
5.1.3.21,17
5.1.3.22,700
5.1.3.23,147
5.1.3.24,427
5.1.3.25,24
5.1.3.26,52
5.1.3.27,47
5.1.3.29,441
5.1.3.3,700
5.1.3.30,21
5.1.3.31,11
5.1.3.32,700
5.1.3.34,16
5.1.3.37,84
5.1.3.38,7
5.1.3.4,700
5.1.3.40,319
5.1.3.41,7
5.1.3.5,112
5.1.3.6,191
5.1.3.7,700
5.1.3.9,700
5.1.99.1,451
5.1.99.4,60
5.1.99.5,63
5.1.99.6,700
5.1.99.7,287
5.2.1.1,700
5.2.1.12,9
5.2.1.13,63
5.2.1.14,9
5.2.1.2,700
5.2.1.4,305
5.2.1.8,700
5.3.1.1,700
5.3.1.12,700
5.3.1.13,700
5.3.1.14,700
5.3.1.15,39
5.3.1.16,700
5.3.1.17,700
5.3.1.22,700
5.3.1.23,700
5.3.1.24,700
5.3.1.25,700
5.3.1.26,643
5.3.1.27,52
5.3.1.28,700
5.3.1.29,110
5.3.1.30,700
5.3.1.31,279
5.3.1.32,249
5.3.1.33,700
5.3.1.34,337
5.3.1.35,421
5.3.1.4,700
5.3.1.5,700
5.3.1.6,700
5.3.1.8,700
5.3.1.9,700
5.3.2.1,10
5.3.2.3,27
5.3.2.5,567
5.3.2.6,424
5.3.2.8,148
5.3.3.1,53
5.3.3.10,454
5.3.3.12,20
5.3.3.14,700
5.3.3.17,21
5.3.3.18,700
5.3.3.2,700
5.3.3.22,11
5.3.3.3,170
5.3.3.4,700
5.3.3.5,14
5.3.3.6,10
5.3.3.7,9
5.3.3.8,98
5.3.4.1,700
5.3.99.11,22
5.3.99.2,13
5.3.99.3,15
5.3.99.4,29
5.3.99.6,33
5.3.99.8,10
5.4.1.3,24
5.4.1.4,7
5.4.2.10,700
5.4.2.11,700
5.4.2.12,700
5.4.2.2,700
5.4.2.3,700
5.4.2.4,565
5.4.2.6,449
5.4.2.7,700
5.4.2.8,700
5.4.2.9,59
5.4.3.10,40
5.4.3.2,455
5.4.3.3,94
5.4.3.5,78
5.4.3.6,24
5.4.3.8,700
5.4.3.9,64
5.4.4.1,10
5.4.4.2,700
5.4.4.3,700
5.4.99.1,700
5.4.99.12,700
5.4.99.15,84
5.4.99.16,160
5.4.99.18,700
5.4.99.19,700
5.4.99.2,700
5.4.99.20,700
5.4.99.21,700
5.4.99.22,700
5.4.99.23,700
5.4.99.24,700
5.4.99.25,700
5.4.99.26,526
5.4.99.27,700
5.4.99.28,19
5.4.99.29,700
5.4.99.30,46
5.4.99.32,18
5.4.99.37,73
5.4.99.38,9
5.4.99.39,350
5.4.99.4,12
5.4.99.40,40
5.4.99.41,151
5.4.99.45,21
5.4.99.47,19
5.4.99.48,167
5.4.99.5,700
5.4.99.54,15
5.4.99.60,463
5.4.99.61,700
5.4.99.62,700
5.4.99.63,189
5.4.99.7,700
5.4.99.8,414
5.4.99.9,700
5.5.1.1,324
5.5.1.12,14
5.5.1.13,15
5.5.1.18,11
5.5.1.19,89
5.5.1.2,700
5.5.1.25,45
5.5.1.27,28
5.5.1.28,15
5.5.1.4,700
5.5.1.6,36
5.5.1.7,11
5.5.1.9,9
5.6.1.1,700
5.6.1.6,29
5.6.1.7,9
5.6.2.1,700
5.6.2.2,700
5.99.1.4,47
6.1.1.1,700
6.1.1.10,700
6.1.1.11,700
6.1.1.12,700
6.1.1.14,700
6.1.1.15,700
6.1.1.16,700
6.1.1.17,700
6.1.1.18,700
6.1.1.19,700
6.1.1.2,700
6.1.1.20,700
6.1.1.21,700
6.1.1.22,700
6.1.1.23,700
6.1.1.26,32
6.1.1.27,147
6.1.1.3,700
6.1.1.4,700
6.1.1.5,700
6.1.1.6,700
6.1.1.7,700
6.1.1.9,700
6.1.2.1,66
6.1.3.1,16
6.2.1.1,700
6.2.1.12,106
6.2.1.13,33
6.2.1.14,236
6.2.1.15,27
6.2.1.16,700
6.2.1.17,700
6.2.1.19,12
6.2.1.2,278
6.2.1.20,700
6.2.1.22,700
6.2.1.24,13
6.2.1.25,129
6.2.1.26,700
6.2.1.3,700
6.2.1.30,700
6.2.1.4,700
6.2.1.40,10
6.2.1.41,147
6.2.1.42,72
6.2.1.44,165
6.2.1.48,448
6.2.1.5,700
6.2.1.50,9
6.2.1.51,13
6.2.1.53,12
6.2.1.54,700
6.2.1.8,19
6.2.1.9,700
6.2.1.n2,207
6.2.1.n3,14
6.3.1.1,700
6.3.1.11,161
6.3.1.12,33
6.3.1.13,700
6.3.1.14,113
6.3.1.19,700
6.3.1.2,700
6.3.1.20,700
6.3.1.5,700
6.3.1.6,116
6.3.1.9,11
6.3.2.1,700
6.3.2.10,700
6.3.2.12,39
6.3.2.13,700
6.3.2.17,700
6.3.2.2,700
6.3.2.29,234
6.3.2.3,700
6.3.2.31,700
6.3.2.34,17
6.3.2.36,91
6.3.2.38,87
6.3.2.39,93
6.3.2.4,700
6.3.2.43,22
6.3.2.45,700
6.3.2.49,10
6.3.2.5,700
6.3.2.53,340
6.3.2.54,13
6.3.2.55,16
6.3.2.56,11
6.3.2.6,700
6.3.2.7,688
6.3.2.8,700
6.3.2.9,700
6.3.3.1,700
6.3.3.2,700
6.3.3.3,700
6.3.3.7,32
6.3.4.12,12
6.3.4.13,700
6.3.4.14,526
6.3.4.15,700
6.3.4.16,107
6.3.4.18,700
6.3.4.19,700
6.3.4.2,700
6.3.4.20,700
6.3.4.21,700
6.3.4.22,336
6.3.4.23,387
6.3.4.3,700
6.3.4.4,700
6.3.4.5,700
6.3.4.6,13
6.3.5.1,700
6.3.5.11,700
6.3.5.13,146
6.3.5.2,700
6.3.5.3,700
6.3.5.4,700
6.3.5.5,700
6.3.5.7,700
6.3.5.9,700
6.4.1.1,700
6.4.1.2,700
6.4.1.3,700
6.4.1.4,700
6.4.1.6,246
6.4.1.7,645
6.4.1.8,8
6.4.1.9,14
6.5.1.1,700
6.5.1.2,700
6.5.1.3,63
6.5.1.4,700
6.5.1.6,28
6.5.1.7,32
6.5.1.8,700
6.6.1.1,700
6.6.1.2,700
7.1.1.1,700
7.1.1.2,700
7.1.1.3,700
7.1.1.6,511
7.1.1.7,700
7.1.1.8,700
7.1.2.1,700
7.1.2.2,700
7.1.3.1,700
7.2.1.1,700
7.2.1.2,700
7.2.1.3,16
7.2.2.1,142
7.2.2.10,700
7.2.2.11,562
7.2.2.12,277
7.2.2.13,60
7.2.2.14,700
7.2.2.15,231
7.2.2.16,293
7.2.2.21,700
7.2.2.5,98
7.2.2.6,700
7.2.2.7,700
7.2.2.8,700
7.2.2.9,700
7.2.4.1,74
7.2.4.2,700
7.2.4.5,700
7.3.2.1,700
7.3.2.2,700
7.3.2.3,700
7.3.2.4,145
7.3.2.5,700
7.3.2.6,22
7.3.2.7,700
7.4.2.1,207
7.4.2.10,700
7.4.2.11,700
7.4.2.5,39
7.5.2.1,700
7.5.2.10,700
7.5.2.11,700
7.5.2.12,700
7.5.2.3,681
7.5.2.4,573
7.5.2.5,7
7.5.2.6,700
7.5.2.7,700
7.5.2.8,67
7.5.2.9,256
7.6.2.1,700
7.6.2.10,700
7.6.2.11,700
7.6.2.12,16
7.6.2.2,669
7.6.2.4,10
7.6.2.5,700
7.6.2.7,700
7.6.2.8,700
7.6.2.9,571
